user,text,favorite_count,retweet_count,created_at
elonmusk,"@mark_k @gauravisnotme ğŸ’¯

Coming soon",180,15,2025-08-04 16:17:09+00:00
elonmusk,Grok has outstanding reasoning https://t.co/Lhun13x85B,3560,468,2025-08-04 16:10:59+00:00
elonmusk,Cool https://t.co/wpIpZguqGC,4344,544,2025-08-04 15:59:39+00:00
elonmusk,Beautiful thread https://t.co/EUAzC5oJpU,4202,578,2025-08-04 15:53:40+00:00
elonmusk,Cool https://t.co/5Vs2Ar2JMp,20281,3681,2025-08-04 07:35:59+00:00
elonmusk,Imagine with @Grok https://t.co/ivGG809SXP,24590,4072,2025-08-04 06:06:04+00:00
elonmusk,@techdevnotes ğŸ”¥â¤ï¸,655,73,2025-08-04 04:40:56+00:00
elonmusk,@mrexits â¤ï¸,819,72,2025-08-04 03:32:45+00:00
elonmusk,@niccruzpatane ğŸ¯,1100,91,2025-08-04 03:30:22+00:00
elonmusk,@Liv_Boeree @BBCNews ğŸ˜,850,81,2025-08-04 02:33:50+00:00
